"cityName","wellnessCentreName","card_type","count"
"AGARTALA","AGARTALA","Pensioner","462"
"AGARTALA","AGARTALA","Serving","12705"
"AGARTALA","AGARTALA","Freedom Fighter","4"
"AGRA","AGRA","Pensioner","860"
"AGRA","AGRA","Serving","4380"
"AHMEDABAD","LALDARWAJA","Pensioner","1320"
"AHMEDABAD","PRAGATINAGAR, NARANPURA","Pensioner","4275"
"AHMEDABAD","PRAGATINAGAR, NARANPURA","Serving","6311"
"AHMEDABAD","PRAGATINAGAR, NARANPURA","Ex MP","3"
"AHMEDABAD","NARODA","Freedom Fighter","3"
"AHMEDABAD","NARODA","Pensioner","2965"
"AHMEDABAD","NARODA","Serving","5795"
"AHMEDABAD","NARODA","Ex MP","9"
"AHMEDABAD","GANDHI NAGAR","Pensioner","1724"
"AHMEDABAD","GANDHI NAGAR","Serving","15658"
"AHMEDABAD","GANDHI NAGAR","Ex MP","19"
"AHMEDABAD","LALDARWAJA","Serving","1348"
"AHMEDABAD","RAMBAUG,MANINGAR","Pensioner","2574"
"AHMEDABAD","RAMBAUG,MANINGAR","Serving","2886"
"AHMEDABAD","BOPAL","Pensioner","1284"
"AHMEDABAD","BOPAL","Serving","1201"
"AHMEDABAD","ASHRAM ROAD","Freedom Fighter","17"
"AHMEDABAD","ASHRAM ROAD","Pensioner","5825"
"AHMEDABAD","ASHRAM ROAD","Serving","8423"
"AHMEDABAD","ASHRAM ROAD","Ex MP","58"
"AHMEDABAD","VEJALPUR","Freedom Fighter","1"
"AHMEDABAD","VEJALPUR","Pensioner","1454"
"AHMEDABAD","VEJALPUR","Serving","1957"
"AHMEDABAD","NAVRANGPURA","Freedom Fighter","11"
"AHMEDABAD","NAVRANGPURA","Lok Sabha MP","2"
"AHMEDABAD","NAVRANGPURA","Pensioner","3364"
"AHMEDABAD","NAVRANGPURA","Serving","6276"
"AHMEDABAD","NAVRANGPURA","Ex MP","20"
"AHMEDABAD","PRAGATINAGAR, NARANPURA","Freedom Fighter","5"
"AIZAWAL","AiZwal","Serving","4548"
"AIZAWAL","AiZwal","Pensioner","100"
"AIZAWAL","AiZwal","Ex MP","5"
"AJMER","AJMER","Serving","2896"
"AJMER","AJMER","Pensioner","2014"
"ALIGARH"," CGHS WC ALIGARH","Pensioner","435"
"ALIGARH"," CGHS WC ALIGARH","Serving","1302"
"AMBALA","AMBALA","Serving","4100"
"AMBALA","AMBALA","Pensioner","3757"
"AMRITSAR","AMRITSAR","Serving","4163"
"AMRITSAR","AMRITSAR","Pensioner","3560"
"BAGHPAT"," CGHS WC BAGHPAT","Pensioner","272"
"BAGHPAT"," CGHS WC BAGHPAT","Serving","206"
"BAREILLY","BAREILLY","Serving","4851"
"BAREILLY","BAREILLY","Pensioner","676"
"BENGALURU","KA JAYANAGAR","Freedom Fighter","15"
"BENGALURU","Banashankari","Ex MP","4"
"BENGALURU","HBR","Pensioner","4038"
"BENGALURU","HBR","Serving","4540"
"BENGALURU","KA VIJAYANAGAR","Freedom Fighter","121"
"BENGALURU","KA VIJAYANAGAR","Pensioner","9607"
"BENGALURU","KA VIJAYANAGAR","Serving","7989"
"BENGALURU","KA VIJAYANAGAR","Ex MP","16"
"BENGALURU","KA JAYANAGAR","Pensioner","6611"
"BENGALURU","KA JAYANAGAR","Serving","3329"
"BENGALURU","KA JAYANAGAR","Ex MP","27"
"BENGALURU","KA KORAMANGALA","Freedom Fighter","16"
"BENGALURU","KA KORAMANGALA","Pensioner","5503"
"BENGALURU","KA KORAMANGALA","Serving","9724"
"BENGALURU","KA KORAMANGALA","Ex MP","5"
"BENGALURU","KA DOMLUR","Freedom Fighter","4"
"BENGALURU","KA DOMLUR","Pensioner","4265"
"BENGALURU","KA DOMLUR","Serving","7218"
"BENGALURU","KA DOMLUR","Ex MP","3"
"BENGALURU","KA GANGENAHALLI","Freedom Fighter","8"
"BENGALURU","KA GANGENAHALLI","Lok Sabha MP","2"
"BENGALURU","KA GANGENAHALLI","Pensioner","8795"
"BENGALURU","KA GANGENAHALLI","Serving","9776"
"BENGALURU","KA GANGENAHALLI","Ex MP","34"
"BENGALURU","KA C. V. RAMAN NAGAR","Freedom Fighter","2"
"BENGALURU","KA C. V. RAMAN NAGAR","Pensioner","5416"
"BENGALURU","KA C. V. RAMAN NAGAR","Serving","14907"
"BENGALURU","KA CGHS POLYCLINIC SHIVAJINAGAR","Pensioner","2"
"BENGALURU","KA SHIVAJINAGAR","Freedom Fighter","7"
"BENGALURU","KA SHIVAJINAGAR","Pensioner","5581"
"BENGALURU","KA SHIVAJINAGAR","Serving","5127"
"BENGALURU","KA SHIVAJINAGAR","Ex MP","32"
"BENGALURU","KA SESHADRIPURAM","Freedom Fighter","39"
"BENGALURU","KA SESHADRIPURAM","Pensioner","8162"
"BENGALURU","KA SESHADRIPURAM","Serving","5613"
"BENGALURU","KA SESHADRIPURAM","Ex MP","27"
"BENGALURU","Banashankari","Freedom Fighter","20"
"BENGALURU","Banashankari","Pensioner","5832"
"BENGALURU","Banashankari","Serving","4449"
"BERHAMPUR"," CGHS WC BERHAMPUR","Serving","783"
"BERHAMPUR"," CGHS WC BERHAMPUR","Pensioner","511"
"BHOPAL","VASANT KUNJ BP 2","Ex MP","10"
"BHOPAL","VASANT KUNJ BP 2","Freedom Fighter","2"
"BHOPAL","JAHANGIRABAD BP 1","Ex MP","22"
"BHOPAL","JAHANGIRABAD BP 1","Freedom Fighter","18"
"BHOPAL","JAHANGIRABAD BP 1","Pensioner","6778"
"BHOPAL","VASANT KUNJ BP 2","Serving","4779"
"BHOPAL","JAHANGIRABAD BP 1","Serving","7272"
"BHOPAL","VASANT KUNJ BP 2","Pensioner","5004"
"BHUBANESHWAR","OLD AG COLONY","Serving","7306"
"BHUBANESHWAR","PMG Square","Pensioner","3153"
"BHUBANESHWAR","KHARAVELA NAGAR","Ex MP","102"
"BHUBANESHWAR","OLD AG COLONY","Ex MP","21"
"BHUBANESHWAR","KHARAVELA NAGAR","Freedom Fighter","79"
"BHUBANESHWAR","KHARAVELA NAGAR","Pensioner","3144"
"BHUBANESHWAR","KHARAVELA NAGAR","Serving","4603"
"BHUBANESHWAR","OLD AG COLONY","Pensioner","3805"
"BHUBANESHWAR","PMG Square","Ex MP","6"
"BHUBANESHWAR","PMG Square","Serving","5715"
"CALICUT","CALICUT","Pensioner","1804"
"CALICUT","CALICUT","Serving","240"
"CHANDIGARH","CHANDIGARH","Ex MP","45"
"CHANDIGARH","CHANDIGARH","Pensioner","25483"
"CHANDIGARH","CHANDIGARH","Freedom Fighter","17"
"CHANDIGARH","CHANDIGARH","Lok Sabha MP","5"
"CHANDIGARH","CHANDIGARH","Serving","15991"
"CHENNAI","TRIPLICANE","Serving","2060"
"CHENNAI","VEPERY","Ex MP","1"
"CHENNAI","VEPERY","Serving","1287"
"CHENNAI","VEPERY","Pensioner","1295"
"CHENNAI","VEPERY","Freedom Fighter","32"
"CHENNAI","NUNGAMBAKKAM","Freedom Fighter","1"
"CHENNAI","NUNGAMBAKKAM","Pensioner","1890"
"CHENNAI","NUNGAMBAKKAM","Serving","3940"
"CHENNAI","NUNGAMBAKKAM","Ex MP","17"
"CHENNAI","PERAMBUR","Freedom Fighter","529"
"CHENNAI","PERAMBUR","Pensioner","4533"
"CHENNAI","PERAMBUR","Serving","4801"
"CHENNAI","RAPURAM","Freedom Fighter","3"
"CHENNAI","RAPURAM","Pensioner","1247"
"CHENNAI","RAPURAM","Serving","1027"
"CHENNAI","RAPURAM","Ex MP","22"
"CHENNAI","ROYAPURAM","Freedom Fighter","163"
"CHENNAI","ROYAPURAM","Pensioner","2120"
"CHENNAI","ROYAPURAM","Serving","2504"
"CHENNAI","ROYAPURAM","Ex MP","4"
"CHENNAI","TRIPLICANE","Freedom Fighter","5"
"CHENNAI","TRIPLICANE","Pensioner","1443"
"CHENNAI","TRIPLICANE","Ex MP","19"
"CHENNAI","ADYAR","Freedom Fighter","9"
"CHENNAI","ADYAR","Pensioner","4720"
"CHENNAI","ADYAR","Serving","5391"
"CHENNAI","ADYAR","Ex MP","32"
"CHENNAI","ANNA NAGAR","Freedom Fighter","20"
"CHENNAI","ANNA NAGAR","Pensioner","8460"
"CHENNAI","ANNA NAGAR","Serving","10681"
"CHENNAI","ANNA NAGAR","Ex MP","68"
"CHENNAI","AVADI","Freedom Fighter","5"
"CHENNAI","AVADI","Pensioner","14472"
"CHENNAI","AVADI","Serving","8839"
"CHENNAI","AVADI","Ex MP","4"
"CHENNAI","GOPALAPURAM","Freedom Fighter","3"
"CHENNAI","GOPALAPURAM","Pensioner","1783"
"CHENNAI","GOPALAPURAM","Serving","2037"
"CHENNAI","GOPALAPURAM","Ex MP","68"
"CHENNAI","GUINDY","Freedom Fighter","24"
"CHENNAI","GUINDY","Pensioner","3711"
"CHENNAI","GUINDY","Serving","3932"
"CHENNAI","GUINDY","Ex MP","37"
"CHENNAI","K K NAGAR","Freedom Fighter","51"
"CHENNAI","K K NAGAR","Pensioner","10878"
"CHENNAI","K K NAGAR","Serving","9724"
"CHENNAI","K K NAGAR","Ex MP","19"
"CHENNAI","MEENAMBAKKAM","Freedom Fighter","5"
"CHENNAI","MEENAMBAKKAM","Pensioner","7083"
"CHENNAI","MEENAMBAKKAM","Serving","6946"
"CHENNAI","MEENAMBAKKAM","Ex MP","5"
"CHENNAI","NANDAMBAKKAM","Pensioner","1420"
"CHENNAI","NANDAMBAKKAM","Serving","2264"
"CHENNAI","NANDAMBAKKAM","Ex MP","8"
"CHHAPRA","CHHAPRA","Pensioner","40"
"CHHAPRA","CHHAPRA","Serving","295"
"CUTTACK","CUTTACK","Pensioner","1178"
"CUTTACK","CUTTACK","Serving","2372"
"DARBHANGA","DARBHANGA","Freedom Fighter","2"
"DARBHANGA","DARBHANGA","Pensioner","45"
"DARBHANGA","DARBHANGA","Serving","529"
"DEHRADUN","DEHRADUN","Freedom Fighter","6"
"DEHRADUN","DEHRADUN","Pensioner","11425"
"DEHRADUN","DEHRADUN","Serving","11755"
"DEHRADUN","DEHRADUN","Ex MP","8"
"DEHRADUN","CHAKARATA ROAD","Freedom Fighter","1"
"DEHRADUN","CHAKARATA ROAD","Pensioner","7895"
"DEHRADUN","CHAKARATA ROAD","Serving","4389"
"DEHRADUN","CHAKARATA ROAD","Ex MP","6"
"DEHRADUN","RAIPUR ROAD","Freedom Fighter","1"
"DEHRADUN","RAIPUR ROAD","Pensioner","7834"
"DEHRADUN","RAIPUR ROAD","Serving","7055"
"DELHI AND NCR","JANAKPURI-I","Freedom Fighter","6"
"DELHI AND NCR","GOLE MARKET ","Freedom Fighter","2"
"DELHI AND NCR","GOLE MARKET ","Jaurnalist","27"
"DELHI AND NCR","GOLE MARKET ","Pensioner","3264"
"DELHI AND NCR","GOLE MARKET ","Serving","14092"
"DELHI AND NCR","GOLE MARKET ","Ex MP","12"
"DELHI AND NCR","LODHI ROAD II","Jaurnalist","2"
"DELHI AND NCR","LODHI ROAD II","Pensioner","3185"
"DELHI AND NCR","LODHI ROAD II","Serving","8755"
"DELHI AND NCR","LODHI ROAD II","Ex MP","7"
"DELHI AND NCR","DWARKA SECTOR 23","Jaurnalist","14"
"DELHI AND NCR","DWARKA SECTOR 23","Pensioner","3626"
"DELHI AND NCR","DWARKA SECTOR 23","Serving","9688"
"DELHI AND NCR","DWARKA SECTOR 23","Ex MP","1"
"DELHI AND NCR","PATPARGANJ","Jaurnalist","73"
"DELHI AND NCR","PATPARGANJ","Pensioner","3073"
"DELHI AND NCR","PATPARGANJ","Serving","1741"
"DELHI AND NCR","MAYUR VIHAR PH II","Jaurnalist","31"
"DELHI AND NCR","MAYUR VIHAR PH II","Pensioner","1621"
"DELHI AND NCR","MAYUR VIHAR PH II","Serving","1607"
"DELHI AND NCR","SONIPAT","Freedom Fighter","1"
"DELHI AND NCR","SONIPAT","Pensioner","3908"
"DELHI AND NCR","SONIPAT","Serving","8016"
"DELHI AND NCR","ZILLA SAINIK BOARD FARIDABAD","Jaurnalist","4"
"DELHI AND NCR","ZILLA SAINIK BOARD FARIDABAD","Pensioner","3767"
"DELHI AND NCR","ZILLA SAINIK BOARD FARIDABAD","Serving","2935"
"DELHI AND NCR","LAJPATNAGAR","Freedom Fighter","2"
"DELHI AND NCR","LAJPATNAGAR","Jaurnalist","51"
"DELHI AND NCR","LAJPATNAGAR","Pensioner","2800"
"DELHI AND NCR","LAJPATNAGAR","Serving","2841"
"DELHI AND NCR","LAJPATNAGAR","Ex MP","2"
"DELHI AND NCR","KIDWAI NAGAR","Freedom Fighter","1"
"DELHI AND NCR","KIDWAI NAGAR","Lok Sabha MP","4"
"DELHI AND NCR","KIDWAI NAGAR","Pensioner","724"
"DELHI AND NCR","KIDWAI NAGAR","Serving","7129"
"DELHI AND NCR","KIDWAI NAGAR","Ex MP","2"
"DELHI AND NCR","SAROJINI NAGAR I","Freedom Fighter","1"
"DELHI AND NCR","SAROJINI NAGAR I","Jaurnalist","5"
"DELHI AND NCR","SAROJINI NAGAR I","Pensioner","1134"
"DELHI AND NCR","SAROJINI NAGAR I","Serving","3165"
"DELHI AND NCR","SAROJINI NAGAR II","Pensioner","266"
"DELHI AND NCR","SAROJINI NAGAR II","Serving","1013"
"DELHI AND NCR","LAXMIBAI NAGAR","Freedom Fighter","3"
"DELHI AND NCR","LAXMIBAI NAGAR","Jaurnalist","19"
"DELHI AND NCR","LAXMIBAI NAGAR","Pensioner","3682"
"DELHI AND NCR","LAXMIBAI NAGAR","Serving","10789"
"DELHI AND NCR","LAXMIBAI NAGAR","Ex MP","1"
"DELHI AND NCR","MOTIBAGH","Freedom Fighter","9"
"DELHI AND NCR","MOTIBAGH","Jaurnalist","28"
"DELHI AND NCR","MOTIBAGH","Pensioner","3095"
"DELHI AND NCR","MOTIBAGH","Serving","7198"
"DELHI AND NCR","MOTIBAGH","Ex MP","5"
"DELHI AND NCR","KAROLBAGH","Jaurnalist","3"
"DELHI AND NCR","KAROLBAGH","Pensioner","54"
"DELHI AND NCR","KAROLBAGH","Serving","315"
"DELHI AND NCR","VIKAS PURI","Jaurnalist","19"
"DELHI AND NCR","VIKAS PURI","Pensioner","7370"
"DELHI AND NCR","VIKAS PURI","Serving","13343"
"DELHI AND NCR","PUSA ROAD","Jaurnalist","5"
"DELHI AND NCR","PUSA ROAD","Pensioner","2043"
"DELHI AND NCR","PUSA ROAD","Serving","2400"
"DELHI AND NCR","DEV NAGAR","Jaurnalist","23"
"DELHI AND NCR","DEV NAGAR","Pensioner","2665"
"DELHI AND NCR","DEV NAGAR","Serving","6867"
"DELHI AND NCR","DEV NAGAR","Ex MP","1"
"DELHI AND NCR","PANDARA ROAD ","Freedom Fighter","9"
"DELHI AND NCR","PANDARA ROAD ","Jaurnalist","12"
"DELHI AND NCR","PANDARA ROAD ","Lok Sabha MP","43"
"DELHI AND NCR","PANDARA ROAD ","Pensioner","2029"
"DELHI AND NCR","PANDARA ROAD ","Rajya Sabha MP","95"
"DELHI AND NCR","PANDARA ROAD ","Serving","5909"
"DELHI AND NCR","PANDARA ROAD ","Ex MP","124"
"DELHI AND NCR","PATEL NAGAR-I(EAST)","Freedom Fighter","1"
"DELHI AND NCR","PATEL NAGAR-I(EAST)","Pensioner","164"
"DELHI AND NCR","PATEL NAGAR-I(EAST)","Serving","899"
"DELHI AND NCR","PATEL NAGAR-I(EAST)","Ex MP","4"
"DELHI AND NCR","NETAJI NAGAR","Freedom Fighter","1"
"DELHI AND NCR","NETAJI NAGAR","Jaurnalist","4"
"DELHI AND NCR","NETAJI NAGAR","Pensioner","1222"
"DELHI AND NCR","NETAJI NAGAR","Serving","3324"
"DELHI AND NCR","GREATER NOIDA ","Freedom Fighter","2"
"DELHI AND NCR","GREATER NOIDA ","Jaurnalist","136"
"DELHI AND NCR","GREATER NOIDA ","Pensioner","5628"
"DELHI AND NCR","GREATER NOIDA ","Serving","20323"
"DELHI AND NCR","GREATER NOIDA ","Ex MP","6"
"DELHI AND NCR","CHANKAYA PURI","Lok Sabha MP","54"
"DELHI AND NCR","CHANKAYA PURI","Pensioner","1352"
"DELHI AND NCR","CHANKAYA PURI","Serving","5544"
"DELHI AND NCR","CHANKAYA PURI","Ex MP","11"
"DELHI AND NCR","KASTURBA NAGAR-I","Jaurnalist","11"
"DELHI AND NCR","KASTURBA NAGAR-I","Pensioner","1453"
"DELHI AND NCR","KASTURBA NAGAR-I","Rajya Sabha MP","2"
"DELHI AND NCR","KASTURBA NAGAR-I","Serving","11464"
"DELHI AND NCR","KASTURBA NAGAR-I","Ex MP","1"
"DELHI AND NCR","TILAK NAGAR","Freedom Fighter","2"
"DELHI AND NCR","TILAK NAGAR","Jaurnalist","10"
"DELHI AND NCR","TILAK NAGAR","Pensioner","7061"
"DELHI AND NCR","TILAK NAGAR","Serving","10064"
"DELHI AND NCR","PRESIDENTS ESTATE","Freedom Fighter","2"
"DELHI AND NCR","PRESIDENTS ESTATE","Jaurnalist","2"
"DELHI AND NCR","PRESIDENTS ESTATE","Pensioner","927"
"DELHI AND NCR","PRESIDENTS ESTATE","Serving","3706"
"DELHI AND NCR","CAG BUILDING","Pensioner","25"
"DELHI AND NCR","CAG BUILDING","Serving","130"
"DELHI AND NCR","NANAK PURA","Jaurnalist","20"
"DELHI AND NCR","NANAK PURA","Pensioner","2506"
"DELHI AND NCR","NANAK PURA","Serving","6992"
"DELHI AND NCR","DELHI CANTONMENT ","Pensioner","1909"
"DELHI AND NCR","DELHI CANTONMENT ","Serving","16379"
"DELHI AND NCR","NAUROJI NAGAR","Jaurnalist","5"
"DELHI AND NCR","NAUROJI NAGAR","Pensioner","470"
"DELHI AND NCR","NAUROJI NAGAR","Serving","1633"
"DELHI AND NCR","NAUROJI NAGAR","Ex MP","4"
"DELHI AND NCR","NORTH AVENUE","Freedom Fighter","16"
"DELHI AND NCR","NORTH AVENUE","Jaurnalist","28"
"DELHI AND NCR","NORTH AVENUE","Lok Sabha MP","609"
"DELHI AND NCR","NORTH AVENUE","Pensioner","930"
"DELHI AND NCR","NORTH AVENUE","Rajya Sabha MP","277"
"DELHI AND NCR","NORTH AVENUE","Serving","4020"
"DELHI AND NCR","NORTH AVENUE","Ex MP","1165"
"DELHI AND NCR","SOUTH AVENUE","Freedom Fighter","7"
"DELHI AND NCR","SOUTH AVENUE","Jaurnalist","15"
"DELHI AND NCR","SOUTH AVENUE","Lok Sabha MP","458"
"DELHI AND NCR","SOUTH AVENUE","Pensioner","645"
"DELHI AND NCR","SOUTH AVENUE","Rajya Sabha MP","136"
"DELHI AND NCR","SOUTH AVENUE","Serving","3265"
"DELHI AND NCR","SOUTH AVENUE","Ex MP","725"
"DELHI AND NCR","VILLAGE JHARODA KALAN NAJAFGARH","Freedom Fighter","1"
"DELHI AND NCR","VILLAGE JHARODA KALAN NAJAFGARH","Jaurnalist","31"
"DELHI AND NCR","VILLAGE JHARODA KALAN NAJAFGARH","Pensioner","10281"
"DELHI AND NCR","VILLAGE JHARODA KALAN NAJAFGARH","Serving","40284"
"DELHI AND NCR","TELEGRAPH LANE","Freedom Fighter","10"
"DELHI AND NCR","TELEGRAPH LANE","Jaurnalist","31"
"DELHI AND NCR","TELEGRAPH LANE","Lok Sabha MP","433"
"DELHI AND NCR","TELEGRAPH LANE","Pensioner","928"
"DELHI AND NCR","TELEGRAPH LANE","Rajya Sabha MP","89"
"DELHI AND NCR","TELEGRAPH LANE","Serving","2716"
"DELHI AND NCR","TELEGRAPH LANE","Ex MP","168"
"DELHI AND NCR","SAROJINI NAGAR MARKET","Freedom Fighter","1"
"DELHI AND NCR","SAROJINI NAGAR MARKET","Jaurnalist","3"
"DELHI AND NCR","SAROJINI NAGAR MARKET","Pensioner","556"
"DELHI AND NCR","SAROJINI NAGAR MARKET","Serving","1408"
"DELHI AND NCR","DWARKA SECTOR 9","Freedom Fighter","4"
"DELHI AND NCR","DWARKA SECTOR 9","Jaurnalist","104"
"DELHI AND NCR","DWARKA SECTOR 9","Pensioner","15172"
"DELHI AND NCR","DWARKA SECTOR 9","Serving","59730"
"DELHI AND NCR","DWARKA SECTOR 9","Ex MP","12"
"DELHI AND NCR","SHRINIVASPURI","Freedom Fighter","4"
"DELHI AND NCR","SHRINIVASPURI","Jaurnalist","57"
"DELHI AND NCR","SHRINIVASPURI","Lok Sabha MP","5"
"DELHI AND NCR","SHRINIVASPURI","Pensioner","4192"
"DELHI AND NCR","SHRINIVASPURI","Serving","14610"
"DELHI AND NCR","SHRINIVASPURI","Ex MP","10"
"DELHI AND NCR","PATEL NAGAR-II(WEST)","Jaurnalist","34"
"DELHI AND NCR","PATEL NAGAR-II(WEST)","Pensioner","3498"
"DELHI AND NCR","PATEL NAGAR-II(WEST)","Serving","7094"
"DELHI AND NCR","PATEL NAGAR-II(WEST)","Ex MP","9"
"DELHI AND NCR","ANDREWS GANJ","Jaurnalist","45"
"DELHI AND NCR","ANDREWS GANJ","Pensioner","2072"
"DELHI AND NCR","ANDREWS GANJ","Rajya Sabha MP","3"
"DELHI AND NCR","ANDREWS GANJ","Serving","10135"
"DELHI AND NCR","ANDREWS GANJ","Ex MP","20"
"DELHI AND NCR","MINTO ROAD","Jaurnalist","3"
"DELHI AND NCR","MINTO ROAD","Pensioner","1812"
"DELHI AND NCR","MINTO ROAD","Serving","6309"
"DELHI AND NCR","JUNG PURA","Freedom Fighter","2"
"DELHI AND NCR","JUNG PURA","Jaurnalist","70"
"DELHI AND NCR","JUNG PURA","Pensioner","1574"
"DELHI AND NCR","JUNG PURA","Serving","7741"
"DELHI AND NCR","MALVIYA NAGAR","Freedom Fighter","3"
"DELHI AND NCR","MALVIYA NAGAR","Jaurnalist","72"
"DELHI AND NCR","MALVIYA NAGAR","Pensioner","3444"
"DELHI AND NCR","MALVIYA NAGAR","Serving","6662"
"DELHI AND NCR","MALVIYA NAGAR","Ex MP","11"
"DELHI AND NCR","KALKA JI - I","Freedom Fighter","2"
"DELHI AND NCR","KALKA JI - I","Jaurnalist","62"
"DELHI AND NCR","KALKA JI - I","Lok Sabha MP","4"
"DELHI AND NCR","KALKA JI - I","Pensioner","5613"
"DELHI AND NCR","KALKA JI - I","Serving","9541"
"DELHI AND NCR","KALKA JI - I","Ex MP","9"
"DELHI AND NCR","R K PURAM-I","Jaurnalist","4"
"DELHI AND NCR","R K PURAM-I","Pensioner","3183"
"DELHI AND NCR","R K PURAM-I","Serving","32072"
"DELHI AND NCR","R K PURAM-I","Ex MP","2"
"DELHI AND NCR","WELLESLLEY ROAD(DR.Z H RD)","Freedom Fighter","2"
"DELHI AND NCR","WELLESLLEY ROAD(DR.Z H RD)","Jaurnalist","30"
"DELHI AND NCR","WELLESLLEY ROAD(DR.Z H RD)","Lok Sabha MP","28"
"DELHI AND NCR","WELLESLLEY ROAD(DR.Z H RD)","Pensioner","1519"
"DELHI AND NCR","WELLESLLEY ROAD(DR.Z H RD)","Rajya Sabha MP","30"
"DELHI AND NCR","WELLESLLEY ROAD(DR.Z H RD)","Serving","2617"
"DELHI AND NCR","WELLESLLEY ROAD(DR.Z H RD)","Ex MP","67"
"DELHI AND NCR","NEW RAJINDER NAGAR","Jaurnalist","32"
"DELHI AND NCR","NEW RAJINDER NAGAR","Pensioner","2080"
"DELHI AND NCR","NEW RAJINDER NAGAR","Serving","3326"
"DELHI AND NCR","NEW RAJINDER NAGAR","Ex MP","2"
"DELHI AND NCR","R K PURAM-II","Jaurnalist","11"
"DELHI AND NCR","R K PURAM-II","Pensioner","2159"
"DELHI AND NCR","R K PURAM-II","Serving","9468"
"DELHI AND NCR","R K PURAM-II","Ex MP","1"
"DELHI AND NCR","HAUZ KHAS","Freedom Fighter","8"
"DELHI AND NCR","HAUZ KHAS","Jaurnalist","64"
"DELHI AND NCR","HAUZ KHAS","Pensioner","5298"
"DELHI AND NCR","HAUZ KHAS","Serving","8380"
"DELHI AND NCR","HAUZ KHAS","Ex MP","10"
"DELHI AND NCR","MAYA PURI (HARI NAGAR)","Freedom Fighter","1"
"DELHI AND NCR","MAYA PURI (HARI NAGAR)","Jaurnalist","13"
"DELHI AND NCR","MAYA PURI (HARI NAGAR)","Pensioner","6276"
"DELHI AND NCR","MAYA PURI (HARI NAGAR)","Serving","7973"
"DELHI AND NCR","SHAHDARA","Jaurnalist","50"
"DELHI AND NCR","SHAHDARA","Pensioner","8761"
"DELHI AND NCR","SHAHDARA","Serving","28502"
"DELHI AND NCR","PAHARGANJ","Freedom Fighter","1"
"DELHI AND NCR","PAHARGANJ","Jaurnalist","34"
"DELHI AND NCR","PAHARGANJ","Pensioner","1482"
"DELHI AND NCR","PAHARGANJ","Serving","5526"
"DELHI AND NCR","R K PURAM-III ","Jaurnalist","4"
"DELHI AND NCR","R K PURAM-III ","Pensioner","3070"
"DELHI AND NCR","R K PURAM-III ","Serving","6954"
"DELHI AND NCR","CBI COLONY","Pensioner","259"
"DELHI AND NCR","CBI COLONY","Serving","1415"
"DELHI AND NCR","CHITRA GUPTA ROAD","Pensioner","1601"
"DELHI AND NCR","CHITRA GUPTA ROAD","Serving","7502"
"DELHI AND NCR","R K PURAM-IV","Freedom Fighter","1"
"DELHI AND NCR","R K PURAM-IV","Jaurnalist","17"
"DELHI AND NCR","R K PURAM-IV","Pensioner","3656"
"DELHI AND NCR","R K PURAM-IV","Serving","10704"
"DELHI AND NCR","R K PURAM-IV","Ex MP","9"
"DELHI AND NCR","RAJOURI GARDEN","Freedom Fighter","4"
"DELHI AND NCR","RAJOURI GARDEN","Jaurnalist","38"
"DELHI AND NCR","RAJOURI GARDEN","Pensioner","6561"
"DELHI AND NCR","RAJOURI GARDEN","Serving","10693"
"DELHI AND NCR","RAJOURI GARDEN","Ex MP","3"
"DELHI AND NCR","SHAKUR BASTI","Jaurnalist","7"
"DELHI AND NCR","SHAKUR BASTI","Pensioner","6493"
"DELHI AND NCR","SHAKUR BASTI","Serving","9639"
"DELHI AND NCR","INDERPURI","Pensioner","1778"
"DELHI AND NCR","INDERPURI","Serving","6918"
"DELHI AND NCR","G.K.G Krishna Nagar","Freedom Fighter","1"
"DELHI AND NCR","G.K.G Krishna Nagar","Jaurnalist","38"
"DELHI AND NCR","G.K.G Krishna Nagar","Pensioner","5449"
"DELHI AND NCR","G.K.G Krishna Nagar","Serving","11875"
"DELHI AND NCR","R K PURAM-V","Freedom Fighter","1"
"DELHI AND NCR","R K PURAM-V","Jaurnalist","34"
"DELHI AND NCR","R K PURAM-V","Pensioner","3441"
"DELHI AND NCR","R K PURAM-V","Rajya Sabha MP","2"
"DELHI AND NCR","R K PURAM-V","Serving","12507"
"DELHI AND NCR","R K PURAM-V","Ex MP","2"
"DELHI AND NCR","NANGAL RAYA","Jaurnalist","18"
"DELHI AND NCR","NANGAL RAYA","Pensioner","6471"
"DELHI AND NCR","NANGAL RAYA","Serving","18769"
"DELHI AND NCR","RAJPUR ROAD","Pensioner","1062"
"DELHI AND NCR","RAJPUR ROAD","Serving","2890"
"DELHI AND NCR","SUBZI MANDI","Freedom Fighter","1"
"DELHI AND NCR","SUBZI MANDI","Jaurnalist","9"
"DELHI AND NCR","SUBZI MANDI","Pensioner","3218"
"DELHI AND NCR","SUBZI MANDI","Serving","6045"
"DELHI AND NCR","KINGSWAY CAMP","Freedom Fighter","7"
"DELHI AND NCR","KINGSWAY CAMP","Jaurnalist","46"
"DELHI AND NCR","KINGSWAY CAMP","Pensioner","10695"
"DELHI AND NCR","KINGSWAY CAMP","Serving","44358"
"DELHI AND NCR","KINGSWAY CAMP","Ex MP","1"
"DELHI AND NCR","JANAKPURI-I","Jaurnalist","135"
"DELHI AND NCR","JANAKPURI-I","Pensioner","16808"
"DELHI AND NCR","JANAKPURI-I","Serving","42510"
"DELHI AND NCR","JANAKPURI-I","Ex MP","3"
"DELHI AND NCR","ASHOK VIHAR","Jaurnalist","16"
"DELHI AND NCR","ASHOK VIHAR","Pensioner","4055"
"DELHI AND NCR","ASHOK VIHAR","Serving","7028"
"DELHI AND NCR","ASHOK VIHAR","Ex MP","2"
"DELHI AND NCR","SADIQ NAGAR","Jaurnalist","25"
"DELHI AND NCR","SADIQ NAGAR","Pensioner","3747"
"DELHI AND NCR","SADIQ NAGAR","Serving","9432"
"DELHI AND NCR","SADIQ NAGAR","Ex MP","2"
"DELHI AND NCR","TRI NAGAR","Jaurnalist","10"
"DELHI AND NCR","TRI NAGAR","Pensioner","1357"
"DELHI AND NCR","TRI NAGAR","Serving","2834"
"DELHI AND NCR","MEHRAULI BADARPUR ROAD (M B ROAD)","Freedom Fighter","3"
"DELHI AND NCR","MEHRAULI BADARPUR ROAD (M B ROAD)","Jaurnalist","48"
"DELHI AND NCR","MEHRAULI BADARPUR ROAD (M B ROAD)","Pensioner","6504"
"DELHI AND NCR","MEHRAULI BADARPUR ROAD (M B ROAD)","Serving","26055"
"DELHI AND NCR","MEHRAULI BADARPUR ROAD (M B ROAD)","Ex MP","8"
"DELHI AND NCR","PALAM COLONY","Jaurnalist","62"
"DELHI AND NCR","PALAM COLONY","Pensioner","12298"
"DELHI AND NCR","PALAM COLONY","Serving","64779"
"DELHI AND NCR","PALAM COLONY","Ex MP","3"
"DELHI AND NCR","LAXMI NAGAR","Freedom Fighter","2"
"DELHI AND NCR","LAXMI NAGAR","Jaurnalist","496"
"DELHI AND NCR","LAXMI NAGAR","Pensioner","11462"
"DELHI AND NCR","LAXMI NAGAR","Serving","30188"
"DELHI AND NCR","LAXMI NAGAR","Ex MP","9"
"DELHI AND NCR","GHAZIABAD","Freedom Fighter","5"
"DELHI AND NCR","GHAZIABAD","Jaurnalist","188"
"DELHI AND NCR","GHAZIABAD","Pensioner","18878"
"DELHI AND NCR","GHAZIABAD","Serving","36383"
"DELHI AND NCR","GHAZIABAD","Ex MP","6"
"DELHI AND NCR","R K PURAM-VI","Freedom Fighter","1"
"DELHI AND NCR","R K PURAM-VI","Jaurnalist","24"
"DELHI AND NCR","R K PURAM-VI","Pensioner","2169"
"DELHI AND NCR","R K PURAM-VI","Serving","6159"
"DELHI AND NCR","TIMAR PUR ","Jaurnalist","45"
"DELHI AND NCR","TIMAR PUR ","Pensioner","5018"
"DELHI AND NCR","TIMAR PUR ","Serving","26523"
"DELHI AND NCR","FARIDABAD","Freedom Fighter","9"
"DELHI AND NCR","FARIDABAD","Jaurnalist","63"
"DELHI AND NCR","FARIDABAD","Pensioner","13070"
"DELHI AND NCR","FARIDABAD","Serving","18675"
"DELHI AND NCR","FARIDABAD","Ex MP","1"
"DELHI AND NCR","MUNIRKA","Freedom Fighter","1"
"DELHI AND NCR","MUNIRKA","Jaurnalist","47"
"DELHI AND NCR","MUNIRKA","Pensioner","1050"
"DELHI AND NCR","MUNIRKA","Serving","15704"
"DELHI AND NCR","MUNIRKA","Ex MP","1"
"DELHI AND NCR","KASTURBA NAGAR-II","Pensioner","554"
"DELHI AND NCR","KASTURBA NAGAR-II","Serving","2214"
"DELHI AND NCR","GURUGRAM SECTOR 5","Freedom Fighter","42"
"DELHI AND NCR","GURUGRAM SECTOR 5","Jaurnalist","43"
"DELHI AND NCR","GURUGRAM SECTOR 5","Pensioner","23228"
"DELHI AND NCR","GURUGRAM SECTOR 5","Serving","30527"
"DELHI AND NCR","GURUGRAM SECTOR 5","Ex MP","11"
"DELHI AND NCR","JANAKPURI-II","Jaurnalist","9"
"DELHI AND NCR","JANAKPURI-II","Pensioner","5651"
"DELHI AND NCR","JANAKPURI-II","Serving","3240"
"DELHI AND NCR","KALKAJI-II","Pensioner","2791"
"DELHI AND NCR","KALKAJI-II","Serving","5013"
"DELHI AND NCR","KALKAJI-II","Ex MP","2"
"DELHI AND NCR","KALI BARI","Jaurnalist","9"
"DELHI AND NCR","KALI BARI","Lok Sabha MP","2"
"DELHI AND NCR","KALI BARI","Pensioner","2383"
"DELHI AND NCR","KALI BARI","Serving","7644"
"DELHI AND NCR","MAYUR VIHAR TRILOK KUNJ","Freedom Fighter","6"
"DELHI AND NCR","MAYUR VIHAR TRILOK KUNJ","Jaurnalist","530"
"DELHI AND NCR","MAYUR VIHAR TRILOK KUNJ","Lok Sabha MP","2"
"DELHI AND NCR","MAYUR VIHAR TRILOK KUNJ","Pensioner","10662"
"DELHI AND NCR","MAYUR VIHAR TRILOK KUNJ","Serving","20827"
"DELHI AND NCR","MAYUR VIHAR TRILOK KUNJ","Ex MP","14"
"DELHI AND NCR","PUSHP VIHAR(PUSHP VIHAR SECTOR 4) ","Freedom Fighter","2"
"DELHI AND NCR","PUSHP VIHAR(PUSHP VIHAR SECTOR 4) ","Jaurnalist","81"
"DELHI AND NCR","PUSHP VIHAR(PUSHP VIHAR SECTOR 4) ","Pensioner","6987"
"DELHI AND NCR","PUSHP VIHAR(PUSHP VIHAR SECTOR 4) ","Serving","48986"
"DELHI AND NCR","PUSHP VIHAR(PUSHP VIHAR SECTOR 4) ","Ex MP","2"
"DELHI AND NCR","VIVEK VIHAR","Freedom Fighter","1"
"DELHI AND NCR","VIVEK VIHAR","Jaurnalist","113"
"DELHI AND NCR","VIVEK VIHAR","Pensioner","4905"
"DELHI AND NCR","VIVEK VIHAR","Serving","4238"
"DELHI AND NCR","CHANDNI CHOWK","Freedom Fighter","3"
"DELHI AND NCR","CHANDNI CHOWK","Jaurnalist","34"
"DELHI AND NCR","CHANDNI CHOWK","Pensioner","1682"
"DELHI AND NCR","CHANDNI CHOWK","Serving","4850"
"DELHI AND NCR","PASCHIM VIHAR","Freedom Fighter","24"
"DELHI AND NCR","PASCHIM VIHAR","Jaurnalist","44"
"DELHI AND NCR","PASCHIM VIHAR","Pensioner","11262"
"DELHI AND NCR","PASCHIM VIHAR","Serving","13913"
"DELHI AND NCR","PASCHIM VIHAR","Ex MP","7"
"DELHI AND NCR","PITAMPURA","Jaurnalist","30"
"DELHI AND NCR","PITAMPURA","Pensioner","6797"
"DELHI AND NCR","PITAMPURA","Serving","15375"
"DELHI AND NCR","PITAMPURA","Ex MP","2"
"DELHI AND NCR","SUNDER VIHAR ","Freedom Fighter","5"
"DELHI AND NCR","SUNDER VIHAR ","Jaurnalist","31"
"DELHI AND NCR","SUNDER VIHAR ","Pensioner","5696"
"DELHI AND NCR","SUNDER VIHAR ","Serving","23815"
"DELHI AND NCR","PRAGATI VIHAR","Jaurnalist","5"
"DELHI AND NCR","PRAGATI VIHAR","Pensioner","959"
"DELHI AND NCR","PRAGATI VIHAR","Serving","9451"
"DELHI AND NCR","YAMUNA VIHAR","Freedom Fighter","1"
"DELHI AND NCR","YAMUNA VIHAR","Jaurnalist","96"
"DELHI AND NCR","YAMUNA VIHAR","Pensioner","15225"
"DELHI AND NCR","YAMUNA VIHAR","Serving","62383"
"DELHI AND NCR","YAMUNA VIHAR","Ex MP","4"
"DELHI AND NCR","NOIDA ","Freedom Fighter","9"
"DELHI AND NCR","NOIDA ","Jaurnalist","329"
"DELHI AND NCR","NOIDA ","Pensioner","14633"
"DELHI AND NCR","NOIDA ","Serving","17635"
"DELHI AND NCR","NOIDA ","Ex MP","6"
"DELHI AND NCR","ROHINI","Freedom Fighter","2"
"DELHI AND NCR","ROHINI","Jaurnalist","59"
"DELHI AND NCR","ROHINI","Pensioner","11272"
"DELHI AND NCR","ROHINI","Serving","35776"
"DELHI AND NCR","DILSHAD GARDEN","Freedom Fighter","2"
"DELHI AND NCR","DILSHAD GARDEN","Jaurnalist","71"
"DELHI AND NCR","DILSHAD GARDEN","Pensioner","5619"
"DELHI AND NCR","DILSHAD GARDEN","Serving","12614"
"DELHI AND NCR","SHALIMAR BAGH","Jaurnalist","38"
"DELHI AND NCR","SHALIMAR BAGH","Pensioner","4071"
"DELHI AND NCR","SHALIMAR BAGH","Serving","10013"
"DELHI AND NCR","ROHINI Sec 16","Freedom Fighter","2"
"DELHI AND NCR","ROHINI Sec 16","Jaurnalist","42"
"DELHI AND NCR","ROHINI Sec 16","Pensioner","9435"
"DELHI AND NCR","ROHINI Sec 16","Serving","20374"
"DELHI AND NCR","ROHINI Sec 16","Ex MP","1"
"DELHI AND NCR","LODHI ROAD-I (ALI GANJ)","Jaurnalist","27"
"DELHI AND NCR","LODHI ROAD-I (ALI GANJ)","Pensioner","1911"
"DELHI AND NCR","LODHI ROAD-I (ALI GANJ)","Serving","7421"
"DELHI AND NCR","LODHI ROAD-I (ALI GANJ)","Ex MP","3"
"DELHI AND NCR","SARITA VIHAR","Freedom Fighter","8"
"DELHI AND NCR","SARITA VIHAR","Jaurnalist","222"
"DELHI AND NCR","SARITA VIHAR","Pensioner","4621"
"DELHI AND NCR","SARITA VIHAR","Serving","20089"
"DELHI AND NCR","SARITA VIHAR","Ex MP","2"
"DELHI AND NCR","VASANT KUNJ","Freedom Fighter","1"
"DELHI AND NCR","VASANT KUNJ","Jaurnalist","62"
"DELHI AND NCR","VASANT KUNJ","Pensioner","4543"
"DELHI AND NCR","VASANT KUNJ","Serving","21908"
"DELHI AND NCR","VASANT KUNJ","Ex MP","11"
"DELHI AND NCR","GURUGRAM SECTOR 55","Freedom Fighter","9"
"DELHI AND NCR","GURUGRAM SECTOR 55","Jaurnalist","8"
"DELHI AND NCR","GURUGRAM SECTOR 55","Pensioner","9143"
"DELHI AND NCR","GURUGRAM SECTOR 55","Serving","14225"
"DELHI AND NCR","GURUGRAM SECTOR 55","Ex MP","15"
"DELHI AND NCR","SUPREME COURT","Serving","5"
"DELHI AND NCR","SHAHIBABAD","Freedom Fighter","5"
"DELHI AND NCR","SHAHIBABAD","Jaurnalist","72"
"DELHI AND NCR","SHAHIBABAD","Pensioner","4280"
"DELHI AND NCR","SHAHIBABAD","Serving","11698"
"DELHI AND NCR","NOIDA SECTOR 82","Freedom Fighter","1"
"DELHI AND NCR","NOIDA SECTOR 82","Jaurnalist","108"
"DELHI AND NCR","NOIDA SECTOR 82","Pensioner","3779"
"DELHI AND NCR","NOIDA SECTOR 82","Serving","3377"
"DELHI AND NCR","NOIDA SECTOR 82","Ex MP","1"
"DELHI AND NCR","VASANT VIHAR","Freedom Fighter","3"
"DELHI AND NCR","VASANT VIHAR","Jaurnalist","20"
"DELHI AND NCR","VASANT VIHAR","Pensioner","348"
"DELHI AND NCR","VASANT VIHAR","Serving","3522"
"DELHI AND NCR","VASANT VIHAR","Ex MP","5"
"DELHI AND NCR","INDIRAPURAM","Freedom Fighter","4"
"DELHI AND NCR","INDIRAPURAM","Jaurnalist","488"
"DELHI AND NCR","INDIRAPURAM","Pensioner","8439"
"DELHI AND NCR","INDIRAPURAM","Serving","17421"
"DELHI AND NCR","INDIRAPURAM","Ex MP","6"
"DELHI AND NCR","NARAINA","Jaurnalist","12"
"DELHI AND NCR","NARAINA","Pensioner","1672"
"DELHI AND NCR","NARAINA","Serving","6541"
"DELHI AND NCR","FAP PARLIAMENT HOUSE","Lok Sabha MP","4"
"DELHI AND NCR","PHA (ANNEXE) ","Lok Sabha MP","1"
"DELHI AND NCR","PHA (ANNEXE) ","Rajya Sabha MP","1"
"DHANBAD","DHANBAD","Serving","1711"
"DHANBAD","DHANBAD","Pensioner","146"
"DIBRUGARH","DIBRUGARH","Pensioner","76"
"DIBRUGARH","DIBRUGARH","Serving","1442"
"GANGTOK","Gangtok","Serving","1071"
"GANGTOK","Gangtok","Pensioner","38"
"GAYA","GAYA","Serving","2007"
"GAYA","GAYA","Pensioner","56"
"GOA","BOMBOLIM","Pensioner","236"
"GOA","BOMBOLIM","Serving","4598"
"GORAKHPUR","GORAKHPUR","Serving","2459"
"GORAKHPUR","GORAKHPUR","Pensioner","614"
"GUNTUR","GUNTUR","Serving","1381"
"GUNTUR","GUNTUR","Freedom Fighter","1"
"GUNTUR","GUNTUR","Pensioner","2437"
"GUWAHATI","GUWAHATI 3","Ex MP","12"
"GUWAHATI","GUWAHATI 4","Pensioner","1779"
"GUWAHATI","GUWAHATI 4","Serving","3896"
"GUWAHATI","GUWAHATI 5","Serving","3974"
"GUWAHATI","GUWAHATI 5","Pensioner","522"
"GUWAHATI","GUWAHATI 3","Pensioner","1650"
"GUWAHATI","GUWAHATI 3","Freedom Fighter","4"
"GUWAHATI","GUWAHATI 4","Ex MP","11"
"GUWAHATI","GUWAHATI 3","Serving","13413"
"GUWAHATI","GUWAHATI 4","Freedom Fighter","4"
"GUWAHATI","GUWAHATI 2","Ex MP","1"
"GUWAHATI","GUWAHATI 2","Serving","11716"
"GUWAHATI","GUWAHATI 5","Ex MP","3"
"GUWAHATI","GUWAHATI 2","Pensioner","1867"
"GUWAHATI","GUWAHATI 2","Freedom Fighter","6"
"GUWAHATI","GUWAHATI 1","Ex MP","23"
"GUWAHATI","GUWAHATI 1","Serving","14869"
"GUWAHATI","GUWAHATI 1","Pensioner","3293"
"GUWAHATI","GUWAHATI 1","Freedom Fighter","16"
"GWALIOR","GWALIOR WC","Serving","868"
"GWALIOR","GWALIOR WC","Pensioner","582"
"HYDERABAD","HIMAYAT NAGAR","Lok Sabha MP","1"
"HYDERABAD","ALWAL","Ex MP","4"
"HYDERABAD","ALWAL","Serving","14330"
"HYDERABAD","ALWAL","Pensioner","9512"
"HYDERABAD","ALWAL","Freedom Fighter","47"
"HYDERABAD","KANCHANBAGH","Serving","19550"
"HYDERABAD","KANCHANBAGH","Pensioner","8126"
"HYDERABAD","KANCHANBAGH","Freedom Fighter","13"
"HYDERABAD","MALAKPET","Ex MP","4"
"HYDERABAD","MALAKPET","Serving","3149"
"HYDERABAD","MALAKPET","Pensioner","5174"
"HYDERABAD","MALAKPET","Freedom Fighter","260"
"HYDERABAD","KACHIGUDA","Ex MP","4"
"HYDERABAD","KACHIGUDA","Serving","4434"
"HYDERABAD","KACHIGUDA","Pensioner","4722"
"HYDERABAD","KACHIGUDA","Freedom Fighter","184"
"HYDERABAD","HIMAYAT NAGAR","Ex MP","85"
"HYDERABAD","HIMAYAT NAGAR","Serving","5727"
"HYDERABAD","BEGUMPET","Pensioner","11077"
"HYDERABAD","BEGUMPET","Rajya Sabha MP","4"
"HYDERABAD","BEGUMPET","Serving","10738"
"HYDERABAD","BEGUMPET","Ex MP","144"
"HYDERABAD","HIMAYAT NAGAR","Freedom Fighter","390"
"HYDERABAD","HIMAYAT NAGAR","Pensioner","4006"
"HYDERABAD","CHARMINAR","Freedom Fighter","46"
"HYDERABAD","CHARMINAR","Pensioner","4372"
"HYDERABAD","CHARMINAR","Serving","2132"
"HYDERABAD","CHARMINAR","Ex MP","3"
"HYDERABAD","A. G COLONY","Freedom Fighter","191"
"HYDERABAD","A. G COLONY","Pensioner","8145"
"HYDERABAD","A. G COLONY","Serving","7899"
"HYDERABAD","A. G COLONY","Ex MP","15"
"HYDERABAD","KAKATIYA NAGAR","Freedom Fighter","25"
"HYDERABAD","KAKATIYA NAGAR","Pensioner","7730"
"HYDERABAD","KAKATIYA NAGAR","Serving","7846"
"HYDERABAD","KAKATIYA NAGAR","Ex MP","5"
"HYDERABAD","DILSUKHNAGAR","Freedom Fighter","906"
"HYDERABAD","DILSUKHNAGAR","Pensioner","6608"
"HYDERABAD","DILSUKHNAGAR","Serving","7748"
"HYDERABAD","DILSUKHNAGAR","Ex MP","2"
"HYDERABAD","TARNAKA","Freedom Fighter","182"
"HYDERABAD","TARNAKA","Pensioner","9759"
"HYDERABAD","TARNAKA","Serving","12985"
"HYDERABAD","TARNAKA","Ex MP","6"
"HYDERABAD","HUMAYUN NAGAR","Freedom Fighter","84"
"HYDERABAD","HUMAYUN NAGAR","Pensioner","7635"
"HYDERABAD","HUMAYUN NAGAR","Serving","6338"
"HYDERABAD","HUMAYUN NAGAR","Ex MP","5"
"HYDERABAD","PADMARAO NAGAR","Freedom Fighter","920"
"HYDERABAD","PADMARAO NAGAR","Pensioner","6227"
"HYDERABAD","PADMARAO NAGAR","Serving","5367"
"HYDERABAD","PADMARAO NAGAR","Ex MP","2"
"HYDERABAD","BEGUMPET","Freedom Fighter","3420"
"HYDERABAD","BEGUMPET","Lok Sabha MP","14"
"IMPHAL","Imphal","Pensioner","139"
"IMPHAL","Imphal","Serving","4316"
"INDORE","INDORE1","Freedom Fighter","3"
"INDORE","INDORE1","Pensioner","3646"
"INDORE","INDORE1","Serving","1923"
"INDORE","INDORE1","Ex MP","11"
"JABALPUR","JABALPUR 4","Pensioner","9156"
"JABALPUR","JABALPUR 1","Freedom Fighter","22"
"JABALPUR","JABALPUR 1","Pensioner","13039"
"JABALPUR","JABALPUR 1","Serving","4141"
"JABALPUR","JABALPUR 1","Ex MP","4"
"JABALPUR","JABALPUR 2","Freedom Fighter","11"
"JABALPUR","JABALPUR 2","Pensioner","14229"
"JABALPUR","JABALPUR 2","Serving","5197"
"JABALPUR","JABALPUR 3","Freedom Fighter","3"
"JABALPUR","JABALPUR 3","Pensioner","19005"
"JABALPUR","JABALPUR 3","Serving","8293"
"JABALPUR","JABALPUR 4","Freedom Fighter","3"
"JABALPUR","JABALPUR 4","Rajya Sabha MP","2"
"JABALPUR","JABALPUR 4","Serving","5554"
"JABALPUR","JABALPUR 4","Ex MP","2"
"JABALPUR","CGHS WC 5 JABALPUR","Pensioner","5715"
"JABALPUR","CGHS WC 5 JABALPUR","Serving","1062"
"JABALPUR","CGHS WC 6 JABALPUR","Freedom Fighter","2"
"JABALPUR","CGHS WC 6 JABALPUR","Pensioner","5985"
"JABALPUR","CGHS WC 6 JABALPUR","Serving","462"
"JAIPUR","JANTA COLONY","Serving","1327"
"JAIPUR","JANTA COLONY","Freedom Fighter","1"
"JAIPUR","CHANDAN MAHAL","Serving","1878"
"JAIPUR","CHANDAN MAHAL","Pensioner","1957"
"JAIPUR","CHANDAN MAHAL","Freedom Fighter","1"
"JAIPUR","BAJAJ NAGAR","Ex MP","16"
"JAIPUR","BAJAJ NAGAR","Serving","5033"
"JAIPUR","BAJAJ NAGAR","Pensioner","4116"
"JAIPUR","BAJAJ NAGAR","Lok Sabha MP","1"
"JAIPUR","JANTA COLONY","Pensioner","1780"
"JAIPUR","VIDHYADHAR NAGAR","Ex MP","3"
"JAIPUR","VIDHYADHAR NAGAR","Serving","7124"
"JAIPUR","VIDHYADHAR NAGAR","Pensioner","3156"
"JAIPUR","MALVIYA NAGAR","Ex MP","5"
"JAIPUR","MALVIYA NAGAR","Serving","7789"
"JAIPUR","MALVIYA NAGAR","Pensioner","4373"
"JAIPUR","JYOTI NAGAR","Ex MP","14"
"JAIPUR","JYOTI NAGAR","Serving","7360"
"JAIPUR","JYOTI NAGAR","Pensioner","5702"
"JAIPUR","JYOTI NAGAR","Freedom Fighter","1"
"JAIPUR","BANI PARK","Ex MP","13"
"JAIPUR","BANI PARK","Serving","8551"
"JAIPUR","BANI PARK","Pensioner","8072"
"JAIPUR","BANI PARK","Lok Sabha MP","3"
"JALANDHAR","JALANDHAR","Serving","5467"
"JALANDHAR","JALANDHAR","Pensioner","4500"
"JALPAIGURI","JALPAIGURI","Serving","1075"
"JALPAIGURI","JALPAIGURI","Ex MP","2"
"JALPAIGURI","JALPAIGURI","Pensioner","332"
"JAMMU","JAMMU","Ex MP","4"
"JAMMU","JAMMU","Freedom Fighter","1"
"JAMMU","JAMMU","Jaurnalist","1"
"JAMMU","JAMMU","Pensioner","4380"
"JAMMU","JAMMU","Serving","8744"
"JODHPUR","JODHPUR","Pensioner","1578"
"JODHPUR","JODHPUR","Ex MP","2"
"JODHPUR","JODHPUR","Serving","5473"
"KANNUR","KANNUR","Pensioner","864"
"KANNUR","KANNUR","Serving","178"
"KANPUR","AZAD NAGAR","Freedom Fighter","1"
"KANPUR","PANDU NAGAR","Ex MP","3"
"KANPUR","PANDU NAGAR","Serving","3063"
"KANPUR","PANDU NAGAR","Pensioner","11933"
"KANPUR","RAKSHA VIHAR","Serving","12874"
"KANPUR","RAKSHA VIHAR","Pensioner","7819"
"KANPUR","KENDRANCHAL","Serving","4513"
"KANPUR","KENDRANCHAL","Pensioner","6612"
"KANPUR","KENDRANCHAL","Freedom Fighter","6"
"KANPUR","KHAPRA MOHAL","Serving","3460"
"KANPUR","KHAPRA MOHAL","Pensioner","3013"
"KANPUR","CIVIL LINES","Ex MP","3"
"KANPUR","CIVIL LINES","Serving","2647"
"KANPUR","CIVIL LINES","Pensioner","5419"
"KANPUR","R. K. NAGAR","Ex MP","1"
"KANPUR","R. K. NAGAR","Serving","1675"
"KANPUR","R. K. NAGAR","Pensioner","3072"
"KANPUR","SAKET NAGAR","Ex MP","5"
"KANPUR","SAKET NAGAR","Serving","1371"
"KANPUR","SAKET NAGAR","Pensioner","3140"
"KANPUR","SAKET NAGAR","Freedom Fighter","2"
"KANPUR","RATAN LAL NAGAR","Freedom Fighter","1"
"KANPUR","RATAN LAL NAGAR","Pensioner","8340"
"KANPUR","RATAN LAL NAGAR","Serving","4450"
"KANPUR","AZAD NAGAR","Serving","1937"
"KANPUR","AZAD NAGAR","Pensioner","2933"
"Kochi","COCHIN","Ex MP","3"
"Kochi","COCHIN","Serving","1239"
"Kochi","COCHIN","Pensioner","3342"
"KOHIMA","KOHIMA","Serving","1491"
"KOHIMA","KOHIMA","Pensioner","20"
"KOLKATA","NARKELDANGA","Pensioner","3180"
"KOLKATA","DOVER LANE","Ex MP","13"
"KOLKATA","DOVER LANE","Serving","5609"
"KOLKATA","DOVER LANE","Pensioner","6286"
"KOLKATA","DOVER LANE","Freedom Fighter","314"
"KOLKATA","MINT COLONY","Pensioner","7350"
"KOLKATA","MINT COLONY","Serving","4732"
"KOLKATA","MINT COLONY","Ex MP","6"
"KOLKATA","AIRPORT","Pensioner","15152"
"KOLKATA","AIRPORT","Serving","6228"
"KOLKATA","AIRPORT","Ex MP","3"
"KOLKATA","LAKE TOWN","Freedom Fighter","83"
"KOLKATA","LAKE TOWN","Pensioner","4338"
"KOLKATA","LAKE TOWN","Serving","4167"
"KOLKATA","LAKE TOWN","Ex MP","2"
"KOLKATA","TOLLYGUNJ","Freedom Fighter","123"
"KOLKATA","TOLLYGUNJ","Pensioner","6718"
"KOLKATA","TOLLYGUNJ","Serving","5402"
"KOLKATA","SALT LAKE EB","Freedom Fighter","39"
"KOLKATA","SALT LAKE IC BLOCK DISPENSARY","Serving","6494"
"KOLKATA","SALT LAKE EB","Pensioner","1905"
"KOLKATA","SALT LAKE EB","Serving","4024"
"KOLKATA","SALT LAKE EB","Ex MP","8"
"KOLKATA","Ishapore","Serving","1293"
"KOLKATA","Ishapore","Pensioner","2806"
"KOLKATA","LAKE AREA","Ex MP","4"
"KOLKATA","LAKE AREA","Serving","2794"
"KOLKATA","LAKE AREA","Pensioner","3371"
"KOLKATA","LAKE AREA","Freedom Fighter","112"
"KOLKATA","POLYCLINIC","Serving","2"
"KOLKATA","SALT LAKE IC BLOCK DISPENSARY","Ex MP","15"
"KOLKATA","Motilal Gupta Road","Freedom Fighter","24"
"KOLKATA","Motilal Gupta Road","Pensioner","4018"
"KOLKATA","Motilal Gupta Road","Serving","3866"
"KOLKATA","SALT LAKE IC BLOCK DISPENSARY","Freedom Fighter","3"
"KOLKATA","SALT LAKE IC BLOCK DISPENSARY","Pensioner","1862"
"KOLKATA","MINT COLONY","Freedom Fighter","60"
"KOLKATA","NARKELDANGA","Serving","2785"
"KOLKATA","NARKELDANGA","Freedom Fighter","72"
"KOLKATA","BELVEDERE","Freedom Fighter","19"
"KOLKATA","BELVEDERE","Pensioner","1841"
"KOLKATA","BELVEDERE","Serving","3799"
"KOLKATA","BELVEDERE","Ex MP","5"
"KOLKATA","BBD BAG ","Freedom Fighter","654"
"KOLKATA","BBD BAG ","Pensioner","10349"
"KOLKATA","BBD BAG ","Serving","3107"
"KOLKATA","BBD BAG ","Ex MP","67"
"KOLKATA","SANTRAGACHI ","Freedom Fighter","29"
"KOLKATA","SANTRAGACHI ","Pensioner","2987"
"KOLKATA","SANTRAGACHI ","Serving","2974"
"KOLKATA","SALT LAKE ,AF","Freedom Fighter","21"
"KOLKATA","SALT LAKE ,AF","Pensioner","3532"
"KOLKATA","SALT LAKE ,AF","Serving","6877"
"KOLKATA","SALT LAKE ,AF","Ex MP","6"
"KOLKATA","AIRPORT","Freedom Fighter","97"
"KOLKATA","NARKELDANGA","Ex MP","6"
"KOLKATA","SHYAMBAZAR","Freedom Fighter","151"
"KOLKATA","SHYAMBAZAR","Pensioner","15497"
"KOLKATA","SHYAMBAZAR","Serving","2378"
"KOLKATA","SHYAMBAZAR","Ex MP","15"
"KOLKATA","RAJDANGA","Freedom Fighter","110"
"KOLKATA","RAJDANGA","Pensioner","6644"
"KOLKATA","RAJDANGA","Serving","5935"
"KOLKATA","RAJDANGA","Ex MP","4"
"KOLKATA","BHOWANIPUR KALIGHAT","Freedom Fighter","27"
"KOLKATA","BHOWANIPUR KALIGHAT","Pensioner","2537"
"KOLKATA","BHOWANIPUR KALIGHAT","Serving","1231"
"KOLKATA","BHOWANIPUR KALIGHAT","Ex MP","8"
"KOLKATA","BIDHAN SARANI","Freedom Fighter","30"
"KOLKATA","BIDHAN SARANI","Pensioner","4481"
"KOLKATA","BIDHAN SARANI","Serving","1929"
"KOTA","KOTA","Serving","1470"
"KOTA","KOTA","Pensioner","434"
"KOTA","KOTA","Freedom Fighter","5"
"LUCKNOW","Lucknow 1","Pensioner","5742"
"LUCKNOW","Lucknow 1","Freedom Fighter","2"
"LUCKNOW","Lucknow 1","Serving","10414"
"LUCKNOW","Lucknow 1","Ex MP","44"
"LUCKNOW","Lucknow2","Freedom Fighter","12"
"LUCKNOW","Lucknow2","Pensioner","1688"
"LUCKNOW","Lucknow2","Serving","1414"
"LUCKNOW","Lucknow2","Ex MP","26"
"LUCKNOW","Lucknow3","Freedom Fighter","2"
"LUCKNOW","Lucknow3","Pensioner","4269"
"LUCKNOW","Lucknow3","Serving","10893"
"LUCKNOW","Lucknow3","Ex MP","4"
"LUCKNOW","Lucknow4","Pensioner","2763"
"LUCKNOW","Lucknow4","Serving","3169"
"LUCKNOW","Lucknow5","Freedom Fighter","1"
"LUCKNOW","Lucknow5","Pensioner","2645"
"LUCKNOW","Lucknow5","Serving","8860"
"LUCKNOW","Lucknow5","Ex MP","10"
"LUCKNOW","Lucknow6","Lok Sabha MP","1"
"LUCKNOW","Lucknow6","Pensioner","4991"
"LUCKNOW","Lucknow6","Serving","12712"
"LUCKNOW","Lucknow6","Ex MP","15"
"LUCKNOW","GOL Market","Pensioner","1928"
"LUCKNOW","GOL Market","Serving","1374"
"LUCKNOW","GOL Market","Ex MP","4"
"LUCKNOW","PMG Office Hazaratganj","Pensioner","1157"
"LUCKNOW","PMG Office Hazaratganj","Serving","3119"
"LUCKNOW","PMG Office Hazaratganj","Ex MP","11"
"LUCKNOW","Aishbagh","Pensioner","492"
"LUCKNOW","Aishbagh","Serving","443"
"LUCKNOW","Aishbagh","Ex MP","2"
"MEERUT","Lekha Nagar Meerut","Freedom Fighter","2"
"MEERUT","Lekha Nagar Meerut","Pensioner","2281"
"MEERUT","S K Road Meerut","Ex MP","9"
"MEERUT","Lekha Nagar Meerut","Serving","6442"
"MEERUT","AbuLane Meerut","Freedom Fighter","3"
"MEERUT","AbuLane Meerut","Pensioner","4706"
"MEERUT","AbuLane Meerut","Serving","5940"
"MEERUT","Shastri Nagar Meerut","Freedom Fighter","4"
"MEERUT","Shastri Nagar Meerut","Pensioner","2491"
"MEERUT","Shastri Nagar Meerut","Serving","2550"
"MEERUT","Shastri Nagar Meerut","Ex MP","3"
"MEERUT","Vijay Nagar Meerut","Pensioner","1498"
"MEERUT","Vijay Nagar Meerut","Serving","1394"
"MEERUT","Kanker Khera Meerut","Pensioner","4321"
"MEERUT","Kanker Khera Meerut","Serving","6873"
"MEERUT","S K Road Meerut","Freedom Fighter","5"
"MEERUT","S K Road Meerut","Pensioner","3007"
"MEERUT","S K Road Meerut","Serving","4107"
"MORADABAD"," CGHS WC MORADABAD","Pensioner","357"
"MORADABAD"," CGHS WC MORADABAD","Serving","942"
"MUMBAI","Koliwada Polyclinic","Serving","3"
"MUMBAI","WORLI","Ex MP","5"
"MUMBAI","WORLI","Serving","3061"
"MUMBAI","WORLI","Pensioner","1760"
"MUMBAI","WORLI","Freedom Fighter","2"
"MUMBAI","JUHU","Ex MP","8"
"MUMBAI","JUHU","Serving","1464"
"MUMBAI","JUHU","Pensioner","2218"
"MUMBAI","JUHU","Freedom Fighter","5"
"MUMBAI","NEPEAN SEA ROAD","Ex MP","7"
"MUMBAI","NEPEAN SEA ROAD","Serving","1429"
"MUMBAI","NEPEAN SEA ROAD","Pensioner","373"
"MUMBAI","SEEPZ","Serving","1682"
"MUMBAI","SEEPZ","Pensioner","557"
"MUMBAI","SEEPZ","Freedom Fighter","2"
"MUMBAI","JOGESHWARI","Serving","14"
"MUMBAI","JOGESHWARI","Pensioner","7"
"MUMBAI","KUJURMARG, POWAL","Serving","11447"
"MUMBAI","CLI SION","Serving","3512"
"MUMBAI","CLI SION","Pensioner","1623"
"MUMBAI","KOLIWADA","Ex MP","3"
"MUMBAI","KOLIWADA","Serving","11592"
"MUMBAI","KOLIWADA","Pensioner","3646"
"MUMBAI","KOLIWADA","Freedom Fighter","1"
"MUMBAI","WADALA","Ex MP","1"
"MUMBAI","WADALA","Serving","3690"
"MUMBAI","WADALA","Pensioner","1737"
"MUMBAI","WADALA","Freedom Fighter","1"
"MUMBAI","GHATKOPAR","Serving","8841"
"MUMBAI","GHATKOPAR","Pensioner","5676"
"MUMBAI","GHATKOPAR","Freedom Fighter","4"
"MUMBAI","SANTAKRUZ","Ex MP","5"
"MUMBAI","SANTAKRUZ","Serving","4862"
"MUMBAI","SANTAKRUZ","Pensioner","5193"
"MUMBAI","SANTAKRUZ","Freedom Fighter","4"
"MUMBAI","MAHIM","Serving","13"
"MUMBAI","MAHIM","Pensioner","5"
"MUMBAI","KUJURMARG, POWAL","Pensioner","1893"
"MUMBAI","KUJURMARG, POWAL","Ex MP","2"
"MUMBAI","C G O NEW MARINE LINES","Freedom Fighter","14"
"MUMBAI","C G O NEW MARINE LINES","Pensioner","4684"
"MUMBAI","C G O NEW MARINE LINES","Serving","6760"
"MUMBAI","C G O NEW MARINE LINES","Ex MP","19"
"MUMBAI","BANDRA","Freedom Fighter","11"
"MUMBAI","BANDRA","Pensioner","1820"
"MUMBAI","BANDRA","Serving","2456"
"MUMBAI","BANDRA","Ex MP","4"
"MUMBAI","BYCULLA","Pensioner","1118"
"MUMBAI","BYCULLA","Serving","2803"
"MUMBAI","AMBARNATH","Pensioner","10685"
"MUMBAI","AMBARNATH","Serving","6589"
"MUMBAI","CBD BELAPUR","Pensioner","7001"
"MUMBAI","CBD BELAPUR","Serving","15820"
"MUMBAI","WAKOLA","Pensioner","1220"
"MUMBAI","WAKOLA","Serving","2329"
"MUMBAI","DEONAR","Freedom Fighter","3"
"MUMBAI","DEONAR","Pensioner","1959"
"MUMBAI","DEONAR","Serving","4459"
"MUMBAI","OSHIWARA","Freedom Fighter","5"
"MUMBAI","OSHIWARA","Pensioner","1350"
"MUMBAI","OSHIWARA","Serving","1410"
"MUMBAI","BHANDUP","Freedom Fighter","2"
"MUMBAI","BHANDUP","Pensioner","3009"
"MUMBAI","BHANDUP","Serving","5179"
"MUMBAI","VIKHROLI","Serving","8"
"MUMBAI","MULUND","Freedom Fighter","7"
"MUMBAI","MULUND","Pensioner","5571"
"MUMBAI","MULUND","Serving","2908"
"MUMBAI","MULUND","Ex MP","11"
"MUMBAI","PEDDER ROAD","Freedom Fighter","1"
"MUMBAI","PEDDER ROAD","Pensioner","574"
"MUMBAI","PEDDER ROAD","Serving","1364"
"MUMBAI","PEDDER ROAD","Ex MP","8"
"MUMBAI","KANDIVALI","Freedom Fighter","7"
"MUMBAI","KANDIVALI","Pensioner","9101"
"MUMBAI","KANDIVALI","Serving","4250"
"MUMBAI","KANDIVALI","Ex MP","5"
"MUMBAI","SAHAR,ANDHERI (W)","Pensioner","610"
"MUMBAI","SAHAR,ANDHERI (W)","Serving","1720"
"MUMBAI","SHEIKH MISTRY, KOLIWADA","Pensioner","977"
"MUMBAI","SHEIKH MISTRY, KOLIWADA","Serving","12336"
"MUMBAI","PAREL ","Freedom Fighter","2"
"MUMBAI","PAREL ","Pensioner","2184"
"MUMBAI","PAREL ","Serving","4704"
"MUMBAI","PAREL ","Ex MP","1"
"MUMBAI","KUJURMARG, POWAL","Freedom Fighter","1"
"MUZAFFARPUR","MUZAFFARPUR","Pensioner","84"
"MUZAFFARPUR","MUZAFFARPUR","Serving","1756"
"NAGPUR","CHINDWARA ROAD","Serving","446"
"NAGPUR","CHINDWARA ROAD","Pensioner","2"
"NAGPUR","KATOL ROAD","Freedom Fighter","3"
"NAGPUR","KATOL ROAD","Pensioner","5615"
"NAGPUR","KATOL ROAD","Serving","6393"
"NAGPUR","KATOL ROAD","Ex MP","1"
"NAGPUR","Wadi","Pensioner","2142"
"NAGPUR","Wadi","Serving","44"
"NAGPUR","CIVIL LINES","Freedom Fighter","9"
"NAGPUR","CIVIL LINES","Pensioner","3587"
"NAGPUR","CIVIL LINES","Serving","2889"
"NAGPUR","SEMINARY HILLS","Pensioner","2898"
"NAGPUR","SEMINARY HILLS","Serving","5498"
"NAGPUR","PANCH PAOLI","Freedom Fighter","5"
"NAGPUR","PANCH PAOLI","Pensioner","5791"
"NAGPUR","PANCH PAOLI","Serving","2827"
"NAGPUR","ITWARI","Freedom Fighter","12"
"NAGPUR","ITWARI","Lok Sabha MP","2"
"NAGPUR","ITWARI","Pensioner","3358"
"NAGPUR","ITWARI","Serving","1392"
"NAGPUR","MEDICAL SQUARE","Freedom Fighter","4"
"NAGPUR","MEDICAL SQUARE","Pensioner","4839"
"NAGPUR","MEDICAL SQUARE","Serving","3093"
"NAGPUR","SHANKAR NAGAR","Freedom Fighter","5"
"NAGPUR","SHANKAR NAGAR","Lok Sabha MP","1"
"NAGPUR","SHANKAR NAGAR","Pensioner","5037"
"NAGPUR","SHANKAR NAGAR","Serving","2509"
"NAGPUR","SHANKAR NAGAR","Ex MP","4"
"NAGPUR","SITABULDI","Freedom Fighter","13"
"NAGPUR","SITABULDI","Pensioner","1941"
"NAGPUR","SITABULDI","Serving","1939"
"NAGPUR","SITABULDI","Ex MP","5"
"NAGPUR","WARDHA ROAD","Freedom Fighter","19"
"NAGPUR","WARDHA ROAD","Pensioner","9265"
"NAGPUR","WARDHA ROAD","Serving","2509"
"NAGPUR","WARDHA ROAD","Ex MP","9"
"NAGPUR","SANKAR DARA","Freedom Fighter","21"
"NAGPUR","SANKAR DARA","Pensioner","4580"
"NAGPUR","SANKAR DARA","Serving","2440"
"NAGPUR","SANKAR DARA","Ex MP","4"
"NELLORE","NELLORE","Ex MP","5"
"NELLORE","NELLORE","Pensioner","1529"
"NELLORE","NELLORE","Serving","893"
"PATNA","Salimpur Dumara,Ashiyana Nagar","Freedom Fighter","19"
"PATNA","BUDHA MARG","Freedom Fighter","294"
"PATNA","BUDHA MARG","Pensioner","3876"
"PATNA","BUDHA MARG","Serving","13878"
"PATNA","BUDHA MARG","Ex MP","17"
"PATNA","KANKAR BAGH","Freedom Fighter","222"
"PATNA","KANKAR BAGH","Pensioner","2382"
"PATNA","Salimpur Dumara,Ashiyana Nagar","Serving","11296"
"PATNA","Salimpur Dumara,Ashiyana Nagar","Ex MP","5"
"PATNA","BORING CANAL ROAD","Freedom Fighter","158"
"PATNA","BORING CANAL ROAD","Pensioner","1505"
"PATNA","BORING CANAL ROAD","Serving","3586"
"PATNA","BORING CANAL ROAD","Ex MP","8"
"PATNA","SURYANCHAL BHANDRA GHAT","Freedom Fighter","40"
"PATNA","SURYANCHAL BHANDRA GHAT","Pensioner","697"
"PATNA","SURYANCHAL BHANDRA GHAT","Serving","1670"
"PATNA","SURYANCHAL BHANDRA GHAT","Ex MP","4"
"PATNA","SOUTH CHAJU BAGH","Serving","2"
"PATNA","Salimpur Dumara,Ashiyana Nagar","Pensioner","2375"
"PATNA","POLYCLINIC BUDH MARG PATNA","Pensioner","3"
"PATNA","KANKAR BAGH","Serving","7567"
"PATNA","KANKAR BAGH","Ex MP","1"
"PONDICHERRY","PUDUCHERRY","Pensioner","1415"
"PONDICHERRY","PUDUCHERRY","Freedom Fighter","2"
"PONDICHERRY","PUDUCHERRY","Serving","2021"
"PONDICHERRY","PUDUCHERRY","Ex MP","2"
"PRAYAGRAJ","New Katra","Ex MP","3"
"PRAYAGRAJ","Kendranchal Colony","Pensioner","3271"
"PRAYAGRAJ","Kendranchal Colony","Serving","10648"
"PRAYAGRAJ","Leader Road","Freedom Fighter","4"
"PRAYAGRAJ","Leader Road","Pensioner","2842"
"PRAYAGRAJ","Leader Road","Serving","3324"
"PRAYAGRAJ","Naini","Pensioner","1944"
"PRAYAGRAJ","Naini","Serving","3338"
"PRAYAGRAJ","Jawahar Lal Nehru Road","Freedom Fighter","3"
"PRAYAGRAJ","Jawahar Lal Nehru Road","Pensioner","5116"
"PRAYAGRAJ","Jawahar Lal Nehru Road","Serving","6221"
"PRAYAGRAJ","Jawahar Lal Nehru Road","Ex MP","8"
"PRAYAGRAJ","Drummond","Freedom Fighter","1"
"PRAYAGRAJ","Drummond","Pensioner","2507"
"PRAYAGRAJ","Drummond","Rajya Sabha MP","1"
"PRAYAGRAJ","Drummond","Serving","8118"
"PRAYAGRAJ","Kalyani Devi","Freedom Fighter","3"
"PRAYAGRAJ","Kalyani Devi","Pensioner","2206"
"PRAYAGRAJ","Kalyani Devi","Serving","1770"
"PRAYAGRAJ","Kalyani Devi","Ex MP","4"
"PRAYAGRAJ","New Katra","Freedom Fighter","1"
"PRAYAGRAJ","New Katra","Serving","5231"
"PRAYAGRAJ","New Katra","Pensioner","3799"
"PUNE","PUNE 05","Freedom Fighter","8"
"PUNE","AKURDI ","Freedom Fighter","14"
"PUNE","AKURDI ","Pensioner","11149"
"PUNE","AKURDI ","Serving","5165"
"PUNE","PHULENAGAR, YERWADA","Freedom Fighter","15"
"PUNE","PHULENAGAR, YERWADA","Pensioner","13647"
"PUNE","PHULENAGAR, YERWADA","Serving","7523"
"PUNE","PUNE CAMP","Freedom Fighter","19"
"PUNE","PUNE CAMP","Pensioner","6701"
"PUNE","PUNE CAMP","Serving","3594"
"PUNE","PUNE CAMP","Ex MP","1"
"PUNE","MANGALWAR PETH","Freedom Fighter","55"
"PUNE","MANGALWAR PETH","Pensioner","5743"
"PUNE","MANGALWAR PETH","Serving","1297"
"PUNE","PUNE 05","Pensioner","11167"
"PUNE","PUNE 05","Serving","7752"
"PUNE","PUNE 05","Ex MP","2"
"PUNE","RANGE HILLS, KIRKEE","Freedom Fighter","16"
"PUNE","RANGE HILLS, KIRKEE","Pensioner","13321"
"PUNE","RANGE HILLS, KIRKEE","Rajya Sabha MP","1"
"PUNE","RANGE HILLS, KIRKEE","Serving","4583"
"PUNE","MUKUND NAGAR","Freedom Fighter","237"
"PUNE","MUKUND NAGAR","Lok Sabha MP","2"
"PUNE","MUKUND NAGAR","Pensioner","14452"
"PUNE","MUKUND NAGAR","Rajya Sabha MP","2"
"PUNE","MUKUND NAGAR","Serving","3037"
"PUNE","MUKUND NAGAR","Ex MP","28"
"PUNE","SHUKRAWAR PETH","Freedom Fighter","4"
"PUNE","SHUKRAWAR PETH","Pensioner","7426"
"PUNE","SHUKRAWAR PETH","Serving","2334"
"PUNE","GT ROAD EAST STREET","Freedom Fighter","2"
"PUNE","GT ROAD EAST STREET","Pensioner","4184"
"PUNE","GT ROAD EAST STREET","Serving","3453"
"PUNE","GT ROAD EAST STREET","Ex MP","3"
"PUNE","PUNE Polyclinic","Pensioner","1"
"RAIPUR","PANDRI RAIPUR","Pensioner","712"
"RAIPUR","PANDRI RAIPUR","Ex MP","1"
"RAIPUR","TIKRAPARA RAIPUR","Pensioner","541"
"RAIPUR","TIKRAPARA RAIPUR","Serving","1488"
"RAIPUR","PANDRI RAIPUR","Serving","1567"
"RAJAHMUNDRY","RAJAHMUNDRY","Pensioner","1864"
"RAJAHMUNDRY","RAJAHMUNDRY","Serving","978"
"RANCHI","P and T COLONY LALPUR","Pensioner","436"
"RANCHI","P and T COLONY LALPUR","Serving","3599"
"RANCHI","NEW AG COLONY, DORANDA","Freedom Fighter","3"
"RANCHI","NEW AG COLONY, DORANDA","Pensioner","3724"
"RANCHI","NEW AG COLONY, DORANDA","Serving","9705"
"RANCHI","KANTA TOLI","Freedom Fighter","18"
"RANCHI","KANTA TOLI","Pensioner","1384"
"RANCHI","KANTA TOLI","Serving","2231"
"RANCHI","KANTA TOLI","Ex MP","4"
"SAHARANPUR","Gill Colony Saharanpur","Serving","1734"
"SAHARANPUR","Gill Colony Saharanpur","Pensioner","378"
"SHILLONG","SHILLONG","Freedom Fighter","1"
"SHILLONG","SHILLONG","Serving","13178"
"SHILLONG","OPP. Raj Bhawan Shillong","Freedom Fighter","1"
"SHILLONG","SHILLONG","Pensioner","845"
"SHILLONG","OPP. Raj Bhawan Shillong","Serving","11359"
"SHILLONG","OPP. Raj Bhawan Shillong","Pensioner","697"
"SHIMLA","SHIMLA","Serving","3096"
"SHIMLA","SHIMLA","Pensioner","1827"
"SILCHAR","SILCHAR","Pensioner","24"
"SILCHAR","SILCHAR","Serving","480"
"SILIGURI","SILIGURI","Serving","4833"
"SILIGURI","SILIGURI","Freedom Fighter","1"
"SILIGURI","SILIGURI","Pensioner","749"
"SRINAGAR","Sanat nagar Srinagar","Serving","1815"
"SRINAGAR","Sanat nagar Srinagar","Pensioner","126"
"SRINAGAR","Sanat nagar Srinagar","Freedom Fighter","1"
"TIRUNELVELI","TIRUNELVELI","Ex MP","10"
"TIRUNELVELI","TIRUNELVELI","Pensioner","760"
"TIRUNELVELI","TIRUNELVELI","Serving","630"
"TRICHY","TRICHY","Ex MP","5"
"TRICHY","TRICHY","Pensioner","1500"
"TRICHY","TRICHY","Freedom Fighter","2"
"TRICHY","TRICHY","Serving","2069"
"TRIVANDRUM","TRIVANDRUM 2","Freedom Fighter","18"
"TRIVANDRUM","TRIVANDRUM 3","Ex MP","32"
"TRIVANDRUM","TRIVANDRUM 3","Serving","3106"
"TRIVANDRUM","TRIVANDRUM 3","Rajya Sabha MP","3"
"TRIVANDRUM","TRIVANDRUM 3","Pensioner","11630"
"TRIVANDRUM","TRIVANDRUM 3","Lok Sabha MP","2"
"TRIVANDRUM","TRIVANDRUM 3","Freedom Fighter","89"
"TRIVANDRUM","TRIVANDRUM 2","Ex MP","14"
"TRIVANDRUM","TRIVANDRUM 2","Serving","3967"
"TRIVANDRUM","TRIVANDRUM 2","Pensioner","7904"
"TRIVANDRUM","TRIVANDRUM","Ex MP","10"
"TRIVANDRUM","TRIVANDRUM","Serving","3572"
"TRIVANDRUM","TRIVANDRUM","Pensioner","13471"
"TRIVANDRUM","TRIVANDRUM","Lok Sabha MP","1"
"TRIVANDRUM","TRIVANDRUM","Freedom Fighter","62"
"VADODARA","Vadodara","Serving","8709"
"VADODARA","Vadodara","Ex MP","6"
"VADODARA","Vadodara","Pensioner","2279"
"VARANASI","Lahurabir Varanasi","Pensioner","726"
"VARANASI","Lahurabir Varanasi","Serving","2196"
"VARANASI","BARALAL PUR VARANASI","Pensioner","667"
"VARANASI","BARALAL PUR VARANASI","Ex MP","7"
"VARANASI","BARALAL PUR VARANASI","Serving","2175"
"VIJYAWADA","VIJYAWADA","Serving","4130"
"VIJYAWADA","VIJYAWADA","Pensioner","3519"
"VIJYAWADA","VIJYAWADA","Freedom Fighter","11"
"VISAKHAPATNAM","VISAKHAPATNAM WC NO 2","Ex MP","6"
"VISAKHAPATNAM","VISAKHAPATNAM","Ex MP","11"
"VISAKHAPATNAM","VISAKHAPATNAM WC NO 2","Serving","4112"
"VISAKHAPATNAM","VISAKHAPATNAM WC NO 2","Pensioner","6372"
"VISAKHAPATNAM","VISAKHAPATNAM","Freedom Fighter","4"
"VISAKHAPATNAM","VISAKHAPATNAM","Pensioner","9862"
"VISAKHAPATNAM","VISAKHAPATNAM","Serving","5901"
